{
    "fx": 302.81,
    "fy": 319.1,
    "cx": 160,
    "cy": 120,
    "k1": -0.010586821198783515,
    "k2": 0.2083039382265541,
    "p1": -0.0038391913680467303,
    "p2": -0.004210791720743154,
    "k3": -0.6721221781491317
}
